Level	Gene	Alterations	Cancer Types	Drugs (for therapeutic implications only)
1	BRAF	V600E	All Solid Tumors (excluding Colorectal Cancer)	Dabrafenib + Trametinib
1	NTRK1	Fusions	All Solid Tumors	Entrectinib
1	NTRK1	Fusions	All Solid Tumors	Larotrectinib
1	NTRK1	Fusions	All Solid Tumors	Repotrectinib
1	NTRK2	Fusions	All Solid Tumors	Entrectinib
1	NTRK2	Fusions	All Solid Tumors	Larotrectinib
1	NTRK2	Fusions	All Solid Tumors	Repotrectinib
1	NTRK3	Fusions	All Solid Tumors	Entrectinib
1	NTRK3	Fusions	All Solid Tumors	Larotrectinib
1	NTRK3	Fusions	All Solid Tumors	Repotrectinib
1	Other Biomarkers	Microsatellite Instability-High	All Solid Tumors	Pembrolizumab
1	Other Biomarkers	Tumor Mutational Burden-High	All Solid Tumors	Pembrolizumab
1	RET	Fusions	All Solid Tumors	Selpercatinib
R1	NTRK1	G595R	All Solid Tumors	Larotrectinib
R1	NTRK3	F617L	All Solid Tumors	Larotrectinib
R1	NTRK3	G623R	All Solid Tumors	Larotrectinib
R1	NTRK3	G696A	All Solid Tumors	Larotrectinib
3	ALK	F1174C	Neuroblastoma	Lorlatinib
3	ALK	F1174L	Neuroblastoma	Lorlatinib
3	ALK	F1245V	Neuroblastoma	Lorlatinib
3	ALK	F1245Y	Neuroblastoma	Lorlatinib
3	ALK	R1275L	Neuroblastoma	Lorlatinib
3	ALK	R1275Q	Neuroblastoma	Lorlatinib
3	ERBB2	Amplification	All Solid Tumors	Trastuzumab Deruxtecan
3	MTAP	Deletion	All Solid Tumors	AMG 193
3	MTAP	Deletion	All Solid Tumors	MRTX1719
3	NRG1	Fusions	All Solid Tumors	Zenocutuzumab
3	NTRK1	G595R	All Solid Tumors	Selitrectinib
3	NTRK3	G623R	All Solid Tumors	Selitrectinib
3	TP53	Y220C	All Solid Tumors	Rezatapopt
4	ARID1A	Truncating Mutations	All Solid Tumors	PLX2853
4	ARID1A	Truncating Mutations	All Solid Tumors	Tazemetostat
4	BRAF	G464, G469A, G469R, G469V	All Solid Tumors	Plixorafenib
4	BRAF	K601	All Solid Tumors	Plixorafenib
4	BRAF	L597	All Solid Tumors	Plixorafenib
4	CCNE1	Amplification	All Solid Tumors	BLU-222
4	CCNE1	Amplification	All Solid Tumors	Lunresertib
4	CCNE1	Amplification	All Solid Tumors	Lunresertib + Camonsertib
4	CDK12	Truncating Mutations	All Solid Tumors	Cemiplimab
4	CDK12	Truncating Mutations	All Solid Tumors	Nivolumab
4	CDK12	Truncating Mutations	All Solid Tumors	Pembrolizumab
4	CDKN2A	Oncogenic Mutations	All Solid Tumors	Abemaciclib
4	CDKN2A	Oncogenic Mutations	All Solid Tumors	Palbociclib
4	CDKN2A	Oncogenic Mutations	All Solid Tumors	Ribociclib
4	FBXW7	Oncogenic Mutations	All Solid Tumors	Lunresertib + Camonsertib
4	FGFR1	Oncogenic Mutations	All Solid Tumors	Erdafitinib
4	FGFR1	Oncogenic Mutations	All Solid Tumors	Fexagratinib
4	FGFR2	Amplification	All Solid Tumors	Lirafugratinib
4	FGFR2	Oncogenic Mutations	All Solid Tumors (excluding Bladder Cancer, Cholangiocarcinoma)	Lirafugratinib
4	FGFR2	Oncogenic Mutations	All Solid Tumors (excluding Bladder Cancer)	Erdafitinib
4	FGFR2	Oncogenic Mutations	All Solid Tumors (excluding Bladder Cancer)	Fexagratinib
4	FGFR3	Oncogenic Mutations	All Solid Tumors	Erdafitinib
4	FGFR3	Oncogenic Mutations	All Solid Tumors	Fexagratinib
4	KRAS	G12A, G12D, G12R, G12S, G12V	All Solid Tumors	RMC-6236
4	KRAS	G12D	All Solid Tumors	ASP3082
4	KRAS	G12D	All Solid Tumors	MRTX-1133
4	KRAS	Oncogenic Mutations	All Solid Tumors	Binimetinib
4	KRAS	Oncogenic Mutations	All Solid Tumors	Cobimetinib
4	KRAS	Oncogenic Mutations	All Solid Tumors	Trametinib
4	MDM2	Amplification	All Solid Tumors	Brigimadlin
4	MET	Fusions	All Solid Tumors	Crizotinib
4	MTOR	Oncogenic Mutations	All Solid Tumors	Everolimus
4	MTOR	Oncogenic Mutations	All Solid Tumors	Temsirolimus
4	NF1	Oncogenic Mutations	All Solid Tumors	Cobimetinib
4	NF1	Oncogenic Mutations	All Solid Tumors	Trametinib
4	NTRK1	Fusions	All Solid Tumors	Zurletrectinib
4	NTRK1	G595R	All Solid Tumors	Zurletrectinib
4	NTRK2	Fusions	All Solid Tumors	Zurletrectinib
4	NTRK3	Fusions	All Solid Tumors	Zurletrectinib
4	NTRK3	G623R	All Solid Tumors	Zurletrectinib
4	PIK3CA	Oncogenic Mutations	All Solid Tumors	RLY-2608
4	PPP2R1A	Oncogenic Mutations	All Solid Tumors	Lunresertib + Camonsertib
4	PTEN	Oncogenic Mutations	All Solid Tumors	AZD8186
4	PTEN	Oncogenic Mutations	All Solid Tumors	GSK2636771
R2	NTRK1	G595R	All Solid Tumors	Entrectinib